City_ID,City,Country,Lat,Lng,Max Temp,Humidity,Cloudiness,Wind Speed,Current Description
0,Cape Town,ZA,-33.9258,18.4232,70.09,78,0,9.22,clear sky
1,Boffa,GN,10.1667,-14.0333,72.61,84,78,2.77,broken clouds
2,Gamba,GA,-2.65,10.0,74.34,94,100,6.82,moderate rain
3,Ilulissat,GL,69.2167,-51.1,-35.64,77,1,6.58,clear sky
4,Hermanus,ZA,-34.4187,19.2345,62.8,86,3,5.91,clear sky
5,Westport,US,41.1415,-73.3579,40.89,90,100,10.0,overcast clouds
6,Turukhansk,RU,65.8167,87.9833,-23.53,79,9,12.19,clear sky
7,Ribeira Grande,PT,38.5167,-28.7,59.77,73,75,15.01,broken clouds
8,Laguna,US,38.421,-121.4238,54.14,69,40,13.8,scattered clouds
9,East London,ZA,-33.0153,27.9116,72.9,89,93,10.71,overcast clouds
10,Cayenne,GF,4.9333,-52.3333,75.24,88,40,3.44,scattered clouds
11,Punta Arenas,CL,-53.15,-70.9167,62.71,77,75,8.05,light rain
12,Maunabo,PR,18.0072,-65.8993,80.42,85,6,8.63,clear sky
13,Bonthe,SL,7.5264,-12.505,76.77,82,65,8.95,broken clouds
14,Georgetown,MY,5.4112,100.3354,80.53,73,20,5.01,few clouds
15,Ushuaia,AR,-54.8,-68.3,55.06,71,100,4.61,light rain
16,Robertsport,LR,6.7533,-11.3686,79.25,85,35,10.76,scattered clouds
17,Busselton,AU,-33.65,115.3333,68.2,56,42,13.11,scattered clouds
18,Salalah,OM,17.0151,54.0924,68.67,27,59,17.13,broken clouds
19,Buraydah,SA,26.326,43.975,50.45,53,0,6.15,clear sky
20,Jarwal,IN,27.1667,81.55,48.74,62,13,1.1,few clouds
21,Sabha,LY,27.0377,14.4283,51.03,35,0,11.54,clear sky
22,Formosa,AR,-26.1775,-58.1781,96.78,38,20,8.05,few clouds
23,Mercedes,AR,-34.6515,-59.4307,88.03,41,21,15.48,few clouds
24,Longyearbyen,SJ,78.2186,15.6401,31.84,64,40,20.71,scattered clouds
25,Ponta Delgada,PT,37.7333,-25.6667,54.32,71,75,5.75,broken clouds
26,Volchansk,RU,59.9378,60.081,10.89,78,100,7.72,overcast clouds
27,Desbiens,CA,48.4178,-71.9495,17.56,95,34,2.82,scattered clouds
28,Bredasdorp,ZA,-34.5322,20.0403,66.33,84,3,2.46,clear sky
29,Oranjestad,AW,12.524,-70.027,80.55,81,20,17.27,few clouds
30,Dezful,IR,32.3811,48.4058,52.97,56,0,2.26,clear sky
31,Aksay,RU,47.26,39.87,39.25,67,5,8.99,clear sky
32,Harper,LR,4.375,-7.7169,79.75,82,32,7.27,scattered clouds
33,Narsaq,GL,60.9167,-46.05,23.94,95,100,0.09,overcast clouds
34,Clyde River,CA,70.4692,-68.5914,-19.97,69,20,6.91,few clouds
35,Acarau,BR,-2.8856,-40.12,76.82,85,47,8.03,scattered clouds
36,Lebu,CL,-37.6167,-73.65,61.47,79,27,4.43,scattered clouds
37,Jamestown,US,42.097,-79.2353,44.71,58,95,4.0,overcast clouds
38,Victoria,HK,22.2855,114.1577,62.33,65,75,11.01,broken clouds
39,Jaciara,BR,-15.9653,-54.9683,73.6,78,69,1.9,broken clouds
40,Saint-Pierre,RE,-21.3393,55.4781,76.68,88,0,3.44,clear sky
41,Viedma,AR,-40.8135,-62.9967,84.85,38,44,17.0,scattered clouds
42,Canapi,BR,-9.1174,-37.6012,76.66,69,98,8.3,overcast clouds
43,Iqaluit,CA,63.7506,-68.5145,-9.31,76,100,0.0,light snow
44,Tessalit,ML,20.1986,1.0114,68.68,15,32,6.31,scattered clouds
45,Hithadhoo,MV,-0.6,73.0833,80.13,79,97,12.5,light rain
46,Bathsheba,BB,13.2167,-59.5167,79.41,65,20,19.57,few clouds
47,Totness,SR,5.8833,-56.3167,75.61,85,41,9.51,scattered clouds
48,Tiznit,MA,29.5833,-9.5,55.63,41,0,3.67,clear sky
49,Kumher,IN,27.3167,77.3667,46.08,52,60,4.29,broken clouds
50,Itarema,BR,-2.9248,-39.9167,76.95,84,71,7.94,broken clouds
51,Pangnirtung,CA,66.1451,-65.7125,-22.0,76,20,0.0,few clouds
52,Bako,ET,5.7833,36.5667,69.8,36,88,3.89,overcast clouds
53,Ostrovnoy,RU,68.0531,39.5131,34.75,90,87,22.46,overcast clouds
54,Mpika,ZM,-11.8343,31.4529,61.05,98,100,2.68,overcast clouds
55,Arraial Do Cabo,BR,-22.9661,-42.0278,76.86,83,40,17.27,scattered clouds
56,Demyanovo,RU,60.3511,47.0842,26.82,93,100,11.43,overcast clouds
57,Atar,MR,20.5169,-13.0499,65.28,40,0,8.23,clear sky
58,Port Alfred,ZA,-33.5906,26.891,70.18,96,47,1.01,light rain
59,Temiscaming,CA,46.7212,-79.0971,22.55,73,100,5.75,snow
60,Ponta Do Sol,PT,32.6667,-17.1,62.71,68,43,9.22,scattered clouds
61,Venado Tuerto,AR,-33.7456,-61.9688,91.76,24,11,7.78,few clouds
62,Bubaque,GW,11.2833,-15.8333,78.28,73,20,8.43,few clouds
63,Kochubey,RU,44.3861,46.5825,34.25,83,0,13.71,clear sky
64,Kapiri Mposhi,ZM,-13.9652,28.6809,63.73,98,100,4.88,light rain
65,Shache,CN,38.4167,77.2406,0.81,97,95,2.53,overcast clouds
66,Sao Gotardo,BR,-19.3111,-46.0489,70.63,81,79,2.15,broken clouds
67,Tabat,ID,-2.635,115.2274,73.83,97,95,0.58,overcast clouds
68,Klaksvik,FO,62.2266,-6.589,31.12,66,100,16.02,overcast clouds
69,Bani Walid,LY,31.7566,13.9942,48.11,42,0,13.09,clear sky
70,Mahebourg,MU,-20.4081,57.7,78.26,94,75,6.91,heavy intensity rain
71,Kurchum,KZ,48.5722,83.6542,-19.17,98,48,1.23,scattered clouds
72,Arandis,NA,-22.4167,14.9667,68.59,68,49,4.9,scattered clouds
73,Qaanaaq,GL,77.484,-69.3632,-31.11,53,0,7.65,clear sky
74,Preili,LV,56.2944,26.7246,32.16,95,100,9.6,light snow
75,Pauini,BR,-7.7136,-66.9764,72.5,97,96,5.06,light rain
76,Kumo,NG,10.0447,11.2122,73.72,24,72,5.3,broken clouds
77,Chuy,UY,-33.6971,-53.4616,71.83,76,76,11.79,broken clouds
78,Hambantota,LK,6.1241,81.1185,71.49,70,20,15.37,few clouds
79,Upernavik,GL,72.7868,-56.1549,-11.29,97,100,8.21,light snow
80,Torbay,CA,47.6666,-52.7314,37.58,93,75,14.97,broken clouds
81,Wronki,PL,52.7105,16.3804,29.28,94,53,5.01,broken clouds
82,Sao Filipe,CV,14.8961,-24.4956,74.21,70,23,14.05,few clouds
83,La Rioja,ES,42.25,-2.5,37.18,98,100,19.48,overcast clouds
84,Quatre Cocos,MU,-20.2078,57.7625,78.1,96,100,1.7,very heavy rain
85,Plettenberg Bay,ZA,-34.0527,23.3716,65.82,93,9,2.28,clear sky
86,Nanortalik,GL,60.1432,-45.2371,27.54,95,100,4.76,light snow
87,Quebec,CA,46.8123,-71.2145,28.74,79,100,24.0,snow
88,Sohna,IN,28.25,77.0667,55.63,67,100,7.56,overcast clouds
89,Bom Jesus Da Lapa,BR,-13.255,-43.4181,76.37,68,100,0.92,overcast clouds
90,Bosaso,SO,11.2842,49.1816,72.19,80,16,3.24,few clouds
91,Kalengwa,ZM,-13.4659,25.0027,64.29,97,100,4.56,light rain
92,Cefalu,IT,38.0386,14.0229,48.54,68,46,11.01,scattered clouds
93,Bandarbeyla,SO,9.4942,50.8122,76.28,67,67,21.77,broken clouds
94,Pitimbu,BR,-7.4706,-34.8086,79.39,79,97,8.95,overcast clouds
95,San Cristobal,VE,7.7669,-72.225,75.38,72,83,0.27,broken clouds
96,Castro,BR,-24.7911,-50.0119,63.52,99,83,2.86,broken clouds
97,Muros,ES,42.7762,-9.0603,56.08,93,100,14.09,overcast clouds
98,Namibe,AO,-15.1961,12.1522,72.86,80,99,5.41,overcast clouds
99,Zurrieq,MT,35.8311,14.4742,51.96,71,20,18.41,few clouds
100,Turtas,RU,58.9417,69.1325,11.35,98,96,4.03,overcast clouds
101,Santa Cruz Cabralia,BR,-16.2781,-39.0247,79.03,78,20,10.36,few clouds
102,Saurimo,AO,-9.6608,20.3916,65.26,94,100,3.09,overcast clouds
103,Tasiilaq,GL,65.6145,-37.6368,10.81,95,100,1.39,light snow
104,Ambilobe,MG,-13.2,49.05,74.61,90,100,9.66,moderate rain
105,Svetlogorsk,BY,52.6333,29.7333,44.01,95,96,11.68,overcast clouds
106,Coquimbo,CL,-29.9533,-71.3436,71.33,56,0,11.5,clear sky
107,Saint-Philippe,RE,-21.3585,55.7679,76.59,93,100,14.05,light rain
108,Yelan,RU,50.949,43.7378,22.23,87,43,12.71,scattered clouds
109,Ramygala,LT,55.5167,24.3,32.9,87,100,7.61,snow
110,Port Elizabeth,ZA,-33.918,25.5701,70.11,88,0,11.5,clear sky
111,Naumburg,DE,51.15,11.8167,34.05,93,99,4.94,overcast clouds
112,Luderitz,NA,-26.6481,15.1594,65.89,77,3,15.21,clear sky
113,Muzhi,RU,65.3667,64.6667,1.6,96,70,3.67,broken clouds
114,Ergani,TR,38.2653,39.7621,42.39,56,48,3.09,scattered clouds
115,Lagoa,PT,39.05,-27.9833,57.04,75,65,14.99,broken clouds
116,Goderich,CA,43.7501,-81.7165,39.9,93,100,8.05,overcast clouds
117,Ostersund,SE,63.1792,14.6357,19.85,100,100,0.0,overcast clouds
118,Mar Del Plata,AR,-38.0023,-57.5575,74.82,87,0,21.99,clear sky
119,Itaituba,BR,-4.2761,-55.9836,72.54,98,97,1.05,overcast clouds
120,Sakakah,SA,29.9697,40.2064,49.57,58,0,7.27,clear sky
121,Arlit,NE,18.7369,7.3853,65.3,10,7,9.55,clear sky
122,Ascension,US,30.2169,-90.9001,73.4,23,0,4.61,clear sky
123,Clarksburg,US,39.2807,-80.3445,59.45,67,0,6.91,clear sky
124,Mitu,CO,1.1983,-70.1733,76.53,77,90,1.63,overcast clouds
125,Lakshettipet,IN,18.8667,79.2167,66.65,70,9,4.12,clear sky
126,Sao Joao Da Barra,BR,-21.6403,-41.0511,78.89,87,86,10.56,overcast clouds
127,Galle,LK,6.0367,80.217,70.21,83,2,5.28,clear sky
128,Uarini,BR,-2.99,-65.1083,73.17,97,94,3.47,overcast clouds
129,Bambous Virieux,MU,-20.3428,57.7575,78.22,94,75,6.91,heavy intensity rain
130,Dire,ML,12.2833,-10.9667,77.49,16,36,0.43,scattered clouds
131,Nusaybin,TR,37.0778,41.2178,48.27,47,2,3.4,clear sky
132,Mosquera,CO,4.7059,-74.2302,53.69,87,75,10.36,broken clouds
133,Codrington,AU,-38.2667,141.9667,60.87,68,100,11.52,overcast clouds
134,Ust-Tsilma,RU,65.441,52.1498,29.12,91,100,11.7,overcast clouds
135,Kruisfontein,ZA,-34.0033,24.7314,67.89,92,1,4.68,clear sky
136,Umm Lajj,SA,25.0213,37.2685,71.74,56,0,5.53,clear sky
137,Rio Claro,BR,-22.4114,-47.5614,71.04,86,94,1.74,overcast clouds
138,Ekibastuz,KZ,51.6667,75.3667,5.04,81,78,10.33,broken clouds
139,Saeby,DK,57.3319,10.5225,28.33,76,99,8.14,overcast clouds
140,Touros,BR,-5.1989,-35.4608,79.45,77,52,12.35,broken clouds
141,Havre-Saint-Pierre,CA,50.2334,-63.5986,28.4,59,100,14.97,overcast clouds
142,Mecca,SA,21.4267,39.8261,72.01,64,0,1.57,clear sky
143,Kapoeta,SS,4.7717,33.5903,82.81,25,76,4.14,broken clouds
144,Jumla,NP,29.2747,82.1838,38.52,57,82,2.24,broken clouds
145,Denizli,TR,37.8402,29.0698,48.45,68,28,4.45,scattered clouds
146,Maragogi,BR,-9.0122,-35.2225,78.04,79,89,6.6,overcast clouds
147,Punta Umbria,ES,37.1821,-6.9661,52.23,62,32,13.0,scattered clouds
148,Vardo,NO,70.3705,31.1107,26.58,74,100,10.36,overcast clouds
149,Sechura,PE,-5.5569,-80.8222,73.18,68,98,12.48,overcast clouds
150,Ventspils,LV,57.3894,21.5606,31.93,100,0,2.3,clear sky
151,Ygatimi,PY,-24.0833,-55.5,71.76,83,45,2.19,scattered clouds
152,Saint-Joseph,RE,-21.3667,55.6167,75.58,89,100,11.43,overcast clouds
153,Dikson,RU,73.5069,80.5464,-28.35,94,8,4.92,clear sky
154,Peniche,PT,39.3558,-9.3811,55.92,82,46,22.32,scattered clouds
155,Chebarkul,RU,54.9749,60.3633,6.89,79,74,4.83,broken clouds
156,Karasjok,NO,69.4719,25.5112,17.74,92,100,6.33,overcast clouds
157,Roald,NO,62.5833,6.1333,32.76,74,0,10.36,clear sky
158,Yabrud,SY,33.9674,36.6574,40.03,57,0,6.29,clear sky
159,Tirano,IT,46.2154,10.1679,31.41,91,95,4.9,overcast clouds
160,Sanpaul,RO,46.45,24.35,45.27,87,75,8.05,broken clouds
161,Sao Miguel Do Araguaia,BR,-13.275,-50.1628,73.54,88,99,3.96,overcast clouds
162,Muskegon,US,43.3,-86.1334,40.86,90,100,5.75,mist
163,Grindavik,IS,63.8424,-22.4338,34.27,86,100,26.46,overcast clouds
164,North Myrtle Beach,US,33.816,-78.68,71.22,87,82,14.0,broken clouds
165,Veraval,IN,20.9,70.3667,65.07,47,44,10.96,scattered clouds
166,Ondarroa,ES,43.3167,-2.4167,52.54,88,88,16.46,overcast clouds
167,George,ZA,-33.963,22.4617,62.15,94,75,3.44,broken clouds
168,Piacabucu,BR,-10.4056,-36.4344,77.31,78,97,7.11,overcast clouds
169,Derzhavinsk,KZ,51.1,66.3167,-4.86,76,36,4.47,scattered clouds
170,Faya,SA,18.3851,42.4509,54.12,80,12,3.29,few clouds
171,Luanda,AO,-8.8368,13.2343,80.6,78,40,11.5,scattered clouds
172,Tabou,CI,4.423,-7.3528,79.88,83,47,6.49,scattered clouds
173,Barra Patuca,HN,15.8,-84.2833,78.01,82,9,11.72,clear sky
174,Souillac,MU,-20.5167,57.5167,77.38,94,75,6.91,heavy intensity rain
175,Karsava,LV,56.7841,27.6883,31.44,97,100,7.96,snow
176,Korla,CN,41.7597,86.1469,5.56,83,4,1.1,clear sky
177,Andenes,NO,69.3143,16.1194,33.93,69,75,17.27,broken clouds
178,Khor,RU,47.8861,134.9464,-15.84,100,100,3.13,overcast clouds
179,Wilmington,US,34.2257,-77.9447,68.0,74,96,8.01,overcast clouds
180,Bengkulu,ID,-3.8004,102.2655,72.37,93,100,4.09,overcast clouds
181,Munhall,US,40.3923,-79.9,55.22,77,41,5.93,scattered clouds
182,Tignere,CM,7.3667,12.65,67.8,25,27,2.35,scattered clouds
183,Pozo Colorado,PY,-23.4923,-58.7972,86.85,46,49,5.39,scattered clouds
184,Geraldton,AU,-28.7667,114.6,70.21,88,0,3.44,clear sky
185,Manicore,BR,-5.8092,-61.3003,70.81,98,100,1.92,heavy intensity rain
186,Cidreira,BR,-30.1811,-50.2056,74.28,87,78,13.58,broken clouds
187,Sabang,ID,5.8933,95.3214,80.17,76,100,17.09,overcast clouds
188,Adra,ES,36.7496,-3.0206,48.38,48,7,5.1,clear sky
189,Santa Quiteria,BR,-4.3319,-40.1567,75.29,81,86,2.77,light rain
190,Ayolas,PY,-27.4,-56.9,81.52,64,64,8.48,broken clouds
191,Marrakesh,MA,31.6315,-8.0083,51.87,62,0,8.05,clear sky
192,Peterhead,GB,57.5058,-1.7981,37.8,74,43,25.86,scattered clouds
193,El Vendrell,ES,41.2167,1.5333,52.79,74,99,8.01,overcast clouds
194,Margate,GB,51.3813,1.3862,35.69,81,20,1.99,few clouds
195,Tselinnoye,RU,53.0833,85.6667,10.62,94,100,12.24,light snow
196,Bahia Honda,CU,22.9036,-83.1592,75.99,67,61,7.7,broken clouds
197,Puerto Quijarro,BO,-17.7833,-57.7667,71.26,98,72,2.24,broken clouds
198,Loubomo,CG,-4.1997,12.6739,71.94,96,100,2.51,light rain
199,Sol-Iletsk,RU,51.1631,54.9918,0.52,85,5,5.57,clear sky
200,Puerto Colombia,CO,10.9878,-74.9547,82.49,83,69,20.69,broken clouds
201,Vila Velha,BR,-20.3297,-40.2925,78.75,89,75,6.91,broken clouds
202,Axim,GH,4.8699,-2.2405,79.61,86,56,6.08,broken clouds
203,Macaubas,BR,-13.0194,-42.6986,69.49,89,99,3.49,overcast clouds
204,Coari,BR,-4.085,-63.1414,72.52,97,97,3.49,moderate rain
205,Ornes,NO,66.8689,13.7078,30.04,79,91,10.13,overcast clouds
206,Mahibadhoo,MV,3.7833,72.9667,79.97,68,2,18.86,clear sky
207,Aksarka,RU,66.5606,67.7975,-9.24,100,50,3.67,scattered clouds
208,Coihaique,CL,-45.5752,-72.0662,89.55,14,0,6.91,clear sky
209,Brigantine,US,39.4101,-74.3646,48.4,96,100,6.91,mist
210,Pangody,RU,65.85,74.4859,-11.45,97,80,9.33,broken clouds
211,Ahtopol,BG,42.1,27.95,54.72,75,66,9.35,broken clouds
212,Manakara,MG,-22.1333,48.0167,76.41,90,100,13.27,moderate rain
213,Kano,NG,12.0001,8.5167,60.69,51,0,0.0,clear sky
214,Coronini,RS,44.68,21.6855,40.17,95,99,1.77,light rain
215,Saint Anthony,US,45.0205,-93.218,31.3,89,100,18.41,mist
216,Aranos,NA,-24.1333,19.1167,77.74,51,58,4.83,light rain
217,Asfi,MA,32.2994,-9.2372,52.68,70,0,19.37,clear sky
218,Srivardhan,IN,18.0333,73.0167,68.56,58,8,4.94,clear sky
219,Marzuq,YE,14.4,46.4667,57.04,62,26,3.27,scattered clouds
220,Yazd,IR,31.8972,54.3675,33.91,93,1,2.3,mist
221,Bilma,NE,18.6853,12.9164,65.12,16,20,7.58,few clouds
222,Mangrol,IN,21.1167,70.1167,64.67,52,66,8.86,broken clouds
223,Mitsamiouli,KM,-11.3847,43.2844,81.41,78,100,11.7,light rain
224,Bereda,ES,43.2686,-7.5406,52.14,100,100,3.8,overcast clouds
225,Sept-Iles,CA,50.2001,-66.3821,24.8,67,20,11.5,few clouds
226,Jobner,IN,26.9667,75.3833,53.02,45,60,8.57,broken clouds
227,Ormara,PK,25.2088,64.6357,64.44,53,89,15.08,overcast clouds
228,Takoradi,GH,4.8845,-1.7554,80.15,86,29,7.78,scattered clouds
229,Bocana De Paiwas,NI,12.7857,-85.1227,78.33,76,64,6.82,broken clouds
230,Sao Jose Da Coroa Grande,BR,-8.8978,-35.1478,78.08,81,95,6.91,overcast clouds
231,Kudahuvadhoo,MV,2.6708,72.8944,80.71,73,26,16.96,scattered clouds
232,Santiago Del Estero,AR,-27.7951,-64.2615,99.68,24,0,5.66,clear sky
233,Thinadhoo,MV,0.5333,72.9333,79.27,80,83,11.77,broken clouds
234,Manaure,CO,11.7751,-72.4445,82.33,61,16,17.74,few clouds
235,Cap Malheureux,MU,-19.9842,57.6142,78.48,89,100,3.0,very heavy rain
236,Filadelfia,US,39.9523,-75.1638,45.37,92,100,5.75,mist
237,Leh,IN,34.1667,77.5833,6.31,87,85,3.49,overcast clouds
238,Waddan,LY,29.1614,16.139,51.62,29,0,14.61,clear sky
239,Kokkola,FI,63.8385,23.1307,32.04,97,100,9.22,overcast clouds
240,Correntina,BR,-13.3433,-44.6367,70.5,86,90,3.02,overcast clouds
241,Cochrane,CA,51.1834,-114.4687,36.21,47,0,3.44,clear sky
242,Daund,IN,18.4667,74.6,67.71,42,16,6.62,few clouds
243,Vila Franca Do Campo,PT,37.7167,-25.4333,54.01,84,40,3.83,scattered clouds
244,Stornoway,GB,58.2093,-6.3865,34.03,87,20,2.3,few clouds
245,Kirovskiy,RU,45.0917,133.5136,-0.89,97,99,6.73,overcast clouds
246,Veseloyarsk,RU,51.2836,81.1056,9.59,96,100,8.86,light snow
247,Saint George,US,37.1041,-113.5841,42.44,65,100,3.0,overcast clouds
248,Iranshahr,IR,27.2025,60.6848,51.42,57,0,5.7,clear sky
249,Salinopolis,BR,-0.6136,-47.3561,74.89,87,100,3.74,overcast clouds
250,Suceveni,RO,46.0122,28.0181,54.12,73,96,17.94,overcast clouds
251,Adrar,MR,20.5022,-10.0711,63.0,37,14,8.75,few clouds
252,Porto Walter,BR,-8.2686,-72.7439,70.66,99,100,1.9,overcast clouds
253,Skaerbaek,DK,55.1573,8.769,35.82,95,96,7.45,overcast clouds
254,Soyo,AO,-6.1349,12.3689,77.27,91,100,9.4,light rain
255,Ouadda,CF,8.0777,22.4007,70.65,26,13,6.89,few clouds
256,Murgab,TM,37.4966,61.9714,30.07,80,40,0.0,scattered clouds
257,Cocobeach,GA,1.0002,9.5823,79.92,80,100,7.74,overcast clouds
258,Tucuman,AR,-26.8241,-65.2226,91.4,55,20,11.5,few clouds
259,Samaipata,BO,-18.15,-63.8667,56.64,94,99,1.52,overcast clouds
260,Hamilton,US,39.1834,-84.5333,48.72,69,40,11.99,scattered clouds
261,Santa Maria,BR,-29.6842,-53.8069,87.1,51,20,11.5,few clouds
262,Anloga,GH,5.7947,0.8973,80.96,83,35,9.6,scattered clouds
263,Leua,SK,48.2156,18.6071,35.49,94,86,3.4,overcast clouds
264,Somerset West,ZA,-34.084,18.8211,70.03,85,2,5.01,clear sky
265,Maxixe,MZ,-23.8597,35.3472,77.74,86,55,8.88,broken clouds
266,Antigonish,CA,45.6169,-61.9986,33.28,91,98,4.0,overcast clouds
267,Awbari,LY,26.5921,12.7805,48.51,36,2,11.97,clear sky
268,Debre Birhan,ET,9.6833,39.5333,43.79,57,28,3.33,scattered clouds
269,Cockburn Town,TC,21.4612,-71.1419,76.66,74,37,18.66,scattered clouds
270,Igarka,RU,67.4667,86.5833,-35.19,91,12,3.96,few clouds
271,Gorele,TR,41.0308,39.0031,53.65,55,57,6.73,broken clouds
272,Cravo Norte,CO,6.3017,-70.2041,85.95,38,70,6.22,broken clouds
273,Dahra,DZ,36.2546,0.8519,45.79,72,10,13.78,clear sky
274,Hofn,IS,64.2539,-15.2082,27.03,97,100,12.48,snow
275,Monte Carmelo,BR,-18.7247,-47.4986,70.36,79,90,2.48,overcast clouds
276,Henties Bay,NA,-22.116,14.2845,65.25,90,77,7.11,broken clouds
277,Penukonda,IN,14.0833,77.5833,59.65,80,28,4.65,scattered clouds
278,Minna,NG,9.6139,6.5569,80.91,19,78,5.44,broken clouds
279,Raudeberg,NO,61.9875,5.1352,30.96,64,1,6.73,clear sky
280,Eirunepe,BR,-6.6603,-69.8736,72.77,98,82,3.38,broken clouds
281,Zwedru,LR,6.0667,-8.1281,73.2,93,56,3.24,broken clouds
282,Garachine,PA,8.0647,-78.3628,79.75,82,61,5.44,broken clouds
283,Januaria,BR,-15.4833,-44.3667,74.95,77,84,2.82,light rain
284,Boddam,GB,57.4667,-1.7833,37.78,74,42,26.33,scattered clouds
285,Kuytun,RU,54.3419,101.5036,-2.96,98,100,1.14,light snow
286,Bereznik,RU,62.8551,42.7072,35.33,91,100,12.59,overcast clouds
287,Kavaratti,IN,10.5669,72.642,79.3,72,6,7.27,clear sky
288,Aosta,IT,45.7667,7.4167,15.37,45,6,1.01,clear sky
289,Leirvik,NO,59.7798,5.5005,29.62,71,8,4.59,clear sky
290,Saint-Francois,FR,46.4154,3.9054,31.44,93,0,5.75,clear sky
291,Tabuleiro Do Norte,BR,-5.2467,-38.1306,77.07,80,97,4.81,overcast clouds
292,Rawson,AR,-43.3002,-65.1023,84.27,39,52,22.84,broken clouds
293,Canarana,BR,-11.6847,-41.7689,69.84,81,100,4.61,overcast clouds
294,Binga,ZW,-17.6203,27.3414,71.31,92,100,4.88,moderate rain
295,Abapo,BO,-18.8333,-63.4667,73.99,67,80,1.34,broken clouds
296,Tala,EG,30.6803,30.9429,49.84,88,0,4.07,clear sky
297,Hualmay,PE,-11.0964,-77.6139,71.46,77,81,6.89,light rain
298,Marsh Harbour,BS,26.5412,-77.0636,74.57,66,93,8.84,overcast clouds
299,Qasigiannguit,GL,68.8193,-51.1922,-31.56,70,0,6.8,clear sky
300,Malumfashi,NG,11.7853,7.6218,68.34,24,1,9.19,clear sky
301,Japura,ID,-0.3167,102.35,72.79,97,99,2.39,overcast clouds
302,Ugoofaaru,MV,5.6667,73.0,79.47,66,0,15.79,clear sky
303,Santa Vitoria Do Palmar,BR,-33.5189,-53.3681,72.05,77,89,12.1,overcast clouds
304,Teguldet,RU,57.3064,88.1667,5.56,96,100,5.1,overcast clouds
305,Altamira,BR,-3.2033,-52.2064,72.21,87,81,1.86,broken clouds
306,Alfredo Chaves,BR,-20.635,-40.7497,71.96,97,76,4.23,broken clouds
307,Bud,US,39.447,-86.1758,41.34,79,60,22.64,broken clouds
308,Dingle,PH,10.9995,122.6711,74.79,95,73,8.75,broken clouds
309,Beloha,MG,-25.1667,45.05,73.56,71,100,14.12,overcast clouds
310,Sawakin,SD,19.1059,37.3321,74.21,81,69,3.91,broken clouds
311,Antsohihy,MG,-14.8796,47.9875,72.77,98,100,4.14,light rain
312,Walvis Bay,NA,-22.9575,14.5053,65.59,86,23,7.11,few clouds
313,Alibag,IN,18.6411,72.8792,69.87,66,8,5.3,clear sky
314,Civitavecchia,IT,42.0933,11.7967,40.46,89,54,8.66,light rain
315,San Andres,CO,12.5847,-81.7006,84.22,70,20,9.22,few clouds
316,Puerto Madryn,AR,-42.7692,-65.0385,82.8,42,25,22.77,scattered clouds
317,Cartagena Del Chaira,CO,1.3349,-74.8429,79.84,61,81,2.66,broken clouds
318,Skjervoy,NO,70.0311,20.9714,28.4,62,65,13.15,broken clouds
319,Olafsvik,IS,64.8945,-23.7142,31.44,74,100,19.91,overcast clouds
320,Shakawe,BW,-18.3667,21.85,67.71,90,100,3.0,light rain
321,Kabwe,ZM,-14.4469,28.4464,65.01,97,100,6.38,overcast clouds
322,Gobabis,NA,-22.45,18.9667,72.54,54,71,4.56,light rain
323,Talca,CL,-35.4333,-71.6667,72.64,43,14,10.94,few clouds
324,Jibuti,DJ,11.5,42.5,67.26,73,9,9.37,clear sky
325,Khoy,IR,38.5504,44.9535,34.52,63,0,1.32,clear sky
326,Sur,OM,22.5667,59.5289,69.53,54,25,18.59,scattered clouds
327,Barra Do Garcas,BR,-15.89,-52.2567,76.98,75,58,3.49,broken clouds
328,Charkhi Dadri,IN,28.6,76.2667,48.09,90,99,5.59,overcast clouds
329,Berlevag,NO,70.8578,29.0864,26.55,74,0,4.61,clear sky
330,Sheopur,IN,25.6667,76.7,50.94,46,7,6.24,clear sky
331,Male,MV,4.1748,73.5089,80.04,64,41,20.54,scattered clouds
332,Nalut,LY,30.3333,10.85,39.96,43,0,7.14,clear sky
333,Lachhmangarh,IN,27.8214,75.0251,49.3,71,87,13.0,overcast clouds
334,Abu Dhabi,AE,24.4667,54.3667,64.96,69,0,9.66,clear sky
335,Calama,CL,-22.4667,-68.9333,70.93,29,53,9.93,broken clouds
336,Bangangte,CM,5.1409,10.5198,63.16,70,39,4.56,scattered clouds
337,Macusani,PE,-14.0833,-70.4333,38.98,89,100,4.16,overcast clouds
338,Hun,LY,29.1268,15.9477,51.49,28,0,13.96,clear sky
339,Maniitsoq,GL,65.4167,-52.9,-0.24,70,3,7.36,clear sky
340,Minab,IR,27.1467,57.0801,60.13,45,0,14.85,clear sky
341,Brae,GB,60.3964,-1.353,40.57,73,81,22.77,light rain
342,Carnarvon,AU,-24.8667,113.6333,75.52,80,0,7.76,clear sky
343,Sambava,MG,-14.2667,50.1667,74.35,88,100,12.01,overcast clouds
344,Panaba,MX,21.2833,-88.2667,83.21,62,90,15.12,overcast clouds
345,Santiago De Chuco,PE,-8.15,-78.1833,50.31,87,100,1.63,light rain
346,Carballo,ES,43.213,-8.691,55.0,95,100,8.1,overcast clouds
347,Wladyslawowo,PL,54.7909,18.4009,36.93,76,48,6.69,scattered clouds
348,Agadir,MA,30.4202,-9.5982,52.25,53,0,4.16,clear sky
349,Puerto Carreno,CO,6.189,-67.4859,85.93,41,90,10.27,overcast clouds
350,Penarroya-Pueblonuevo,ES,38.3,-5.2667,46.45,90,98,13.2,overcast clouds
351,Yar-Sale,RU,66.8333,70.8333,-4.07,100,98,7.85,overcast clouds
352,Ericeira,PT,38.9627,-9.4156,55.83,96,69,20.76,broken clouds
353,Irece,BR,-11.3042,-41.8558,71.69,74,100,7.58,overcast clouds
354,Belmonte,BR,-15.8631,-38.8828,76.78,82,45,5.97,scattered clouds
355,Carutapera,BR,-1.195,-46.02,73.26,94,95,2.42,light rain
356,Nouadhibou,MR,20.931,-17.0347,63.64,77,0,21.32,clear sky
357,Husavik,IS,66.0449,-17.3389,17.08,82,100,9.73,overcast clouds
358,Synya,RU,65.3718,58.0387,19.47,88,100,14.47,overcast clouds
359,Lumeje,AO,-11.55,20.7833,65.37,93,100,5.44,overcast clouds
360,Inndyr,NO,67.0338,14.0276,32.04,75,79,9.19,broken clouds
361,Nieuw Amsterdam,SR,5.8833,-55.0833,78.03,85,26,7.81,scattered clouds
362,Moshenskoye,RU,58.5102,34.5911,31.68,99,97,4.7,snow
363,Los Llanos De Aridane,ES,28.6585,-17.9182,59.13,74,75,13.0,broken clouds
364,Zvishavane,ZW,-20.3267,30.0665,69.76,73,97,2.89,overcast clouds
365,Mahajanga,MG,-15.7167,46.3167,74.52,92,100,18.37,light rain
366,Tavda,RU,58.0425,65.2726,10.92,88,37,6.73,scattered clouds
367,Passo Fundo,BR,-28.2628,-52.4067,74.52,67,19,10.42,few clouds
368,Linares,CL,-35.85,-71.6,76.15,35,26,11.36,scattered clouds
369,Maldonado,UY,-34.6667,-54.9167,78.22,58,2,16.87,clear sky
370,Weiden,DE,49.6775,12.1567,31.26,88,100,0.0,light snow
371,Kalmunai,LK,7.4167,81.8167,77.27,58,87,10.87,overcast clouds
372,Farafangana,MG,-22.8167,47.8333,77.58,79,100,14.05,light rain
373,Eenhana,NA,-17.4667,16.3333,67.69,87,100,5.97,light rain
374,Maceio,BR,-9.6658,-35.7353,78.24,88,20,2.3,few clouds
375,Carbonia,IT,39.1672,8.5222,44.01,74,79,14.61,light rain
376,Matara,LK,5.9485,80.5353,68.63,82,3,10.58,clear sky
377,Comodoro Rivadavia,AR,-45.8667,-67.5,74.23,58,56,7.85,broken clouds
378,San Ramon,US,37.7799,-121.978,54.16,62,20,8.05,few clouds
379,Tripoli,LY,32.8752,13.1875,54.37,46,43,21.43,scattered clouds
380,Sabya,SA,17.1495,42.6254,77.99,75,7,2.93,clear sky
381,Alta Floresta,BR,-9.8756,-56.0861,69.57,98,81,5.1,broken clouds
382,Richards Bay,ZA,-28.783,32.0377,77.31,88,66,4.65,broken clouds
383,Bongandanga,CD,1.5,21.05,79.45,36,100,1.52,overcast clouds
384,Paamiut,GL,61.994,-49.6678,13.5,79,81,23.2,broken clouds
385,Kangasala,FI,61.4638,24.076,31.98,100,100,7.87,overcast clouds
386,Susanino,RU,58.1461,41.5872,32.52,94,100,12.01,light snow
387,Biograd Na Moru,HR,43.9433,15.4519,40.75,76,100,7.36,overcast clouds
388,Benguela,AO,-12.5763,13.4055,75.92,82,100,4.72,overcast clouds
389,Mityana,UG,0.4175,32.0228,62.19,89,50,0.83,scattered clouds
390,Bonga,ET,7.2833,36.2333,59.45,63,61,1.74,broken clouds
391,Megion,RU,61.0296,76.1136,3.22,100,88,3.85,overcast clouds
392,Puerto Cabezas,NI,14.0351,-83.3888,76.78,86,34,7.56,scattered clouds
393,Honningsvag,NO,70.9821,25.9704,31.75,69,20,16.11,few clouds
394,Nisia Floresta,BR,-6.0911,-35.2086,77.81,82,60,8.19,broken clouds
395,Lasa,IT,46.6166,10.7002,13.66,91,90,2.3,overcast clouds
396,Trifesti,RO,47.45,27.5167,52.95,72,100,5.26,overcast clouds
397,Boa Vista,BR,2.8197,-60.6733,80.58,57,0,5.75,clear sky
398,Kalabo,ZM,-14.97,22.6814,67.66,91,100,4.88,overcast clouds
399,Vetlanda,SE,57.4289,15.0776,32.43,97,99,7.49,light snow
400,Itaberai,BR,-16.0203,-49.8103,69.85,86,21,0.78,few clouds
401,Banda Aceh,ID,5.5577,95.3222,76.14,82,96,9.22,overcast clouds
402,Juan De Acosta,CO,10.8281,-75.0334,78.51,80,66,16.17,broken clouds
403,Meulaboh,ID,4.1363,96.1285,74.3,85,94,3.87,overcast clouds
404,Mayumba,GA,-3.432,10.6554,74.39,95,100,2.33,heavy intensity rain
405,Sevlievo,BG,43.0258,25.1136,50.16,81,96,4.45,overcast clouds
406,Saint-Georges,GD,12.0564,-61.7485,76.91,78,42,16.49,scattered clouds
407,Mingaora,PK,34.7758,72.3625,40.39,88,100,4.7,overcast clouds
408,Antalaha,MG,-14.9003,50.2788,73.94,91,100,6.96,overcast clouds
409,Tabuk,PH,17.4189,121.4443,67.59,94,85,3.29,overcast clouds
410,Abu Samrah,SY,35.3029,37.1841,49.96,65,0,6.31,clear sky
411,Gao,ML,16.6362,1.637,68.94,13,0,11.34,clear sky
412,Tall Kayf,TR,37.0833,41.0667,48.2,47,3,3.49,clear sky
413,Multan,PK,30.1956,71.4753,48.09,81,75,0.0,smoke
414,Huarmey,PE,-10.0681,-78.1522,72.37,74,82,7.07,broken clouds
415,Constantine,DZ,36.365,6.6147,38.61,75,40,18.41,scattered clouds
416,Tres Arroyos,AR,-38.3739,-60.2798,86.04,36,16,14.41,few clouds
417,Kotaparh,IN,19.15,82.35,57.72,79,41,3.65,scattered clouds
418,Moreira Sales,BR,-24.0622,-53.0069,72.39,84,31,6.44,light rain
419,Denia,ES,38.8408,0.1057,57.47,51,100,10.0,overcast clouds
420,Buzdyak,RU,54.5833,54.55,-0.63,80,10,3.2,clear sky
421,Lunenburg,CA,44.3835,-64.3155,34.09,85,100,11.07,overcast clouds
422,Cachoeira Do Sul,BR,-30.0392,-52.8939,78.87,66,22,12.06,few clouds
423,Pisco,PE,-13.7,-76.2167,73.45,78,0,20.71,clear sky
424,Camacha,PT,33.0833,-16.3333,56.62,72,75,9.22,broken clouds
425,Darlowo,PL,54.421,16.4107,31.89,83,12,9.95,few clouds
426,Mpongwe,ZM,-13.5091,28.155,64.13,99,100,3.87,light rain
427,Keetmanshoop,NA,-26.5833,18.1333,81.41,40,99,4.09,overcast clouds
428,Baruta,VE,10.434,-66.8766,73.24,69,13,1.99,few clouds
429,Sistranda,NO,63.7256,8.834,35.56,78,100,18.43,overcast clouds
430,Yershov,RU,51.3513,48.2766,11.79,90,6,8.21,clear sky
431,Sayyan,YE,15.1718,44.3244,45.82,57,31,2.71,scattered clouds
432,Kondinskoye,RU,59.6481,67.41,15.1,95,88,6.51,overcast clouds
433,Taltal,CL,-25.4,-70.4833,70.34,72,17,9.31,few clouds
434,Shu,KZ,43.5983,73.7614,1.0,95,8,4.63,clear sky
435,Port Blair,IN,11.6667,92.75,76.1,78,97,11.3,overcast clouds
436,Kovdor,RU,67.5662,30.4758,22.19,90,100,5.23,overcast clouds
437,Kamenka,RU,51.3223,42.7678,23.65,79,64,15.52,broken clouds
438,Templin,DE,53.1186,13.5022,34.83,97,88,5.03,overcast clouds
439,Thompson,CA,55.7435,-97.8558,4.78,98,77,3.49,broken clouds
440,Kaka,TM,37.3482,59.6143,28.54,68,36,0.72,scattered clouds
441,Zavetnoye,RU,47.1194,43.8903,27.61,71,1,13.94,clear sky
442,San Joaquin,US,37.9333,-121.3011,55.33,73,75,14.97,broken clouds
443,Tacuarembo,UY,-31.7333,-55.9833,84.65,41,18,13.35,few clouds
444,Sinnamary,GF,5.3833,-52.95,75.69,85,88,6.71,overcast clouds
445,Fonte Boa,BR,-2.4959,-66.2662,74.25,97,92,2.39,moderate rain
446,Usinsk,RU,65.9939,57.5281,19.54,89,100,22.73,overcast clouds
447,Kostomuksha,RU,64.571,30.5767,28.63,92,100,11.99,overcast clouds
448,Port Victoria,KE,0.0939,33.9756,70.45,75,77,9.8,broken clouds
449,Zhanaozen,KZ,43.3,52.8,25.97,74,0,8.08,clear sky
450,Chodziez,PL,52.995,16.9198,28.22,91,32,4.85,scattered clouds
451,Andros Town,BS,24.7,-77.7667,73.36,58,5,8.28,clear sky
452,Sable-Sur-Sarthe,FR,47.8376,-0.3329,34.56,92,73,7.87,broken clouds
453,Amli,IN,20.2833,73.0167,63.79,46,78,2.44,broken clouds
454,Sokoto,NG,13.0609,5.239,72.54,17,0,10.07,clear sky
455,Rosario Oeste,BR,-14.8361,-56.4275,78.01,68,49,2.28,scattered clouds
456,Alikalia,SL,9.1667,-11.4,71.49,21,40,0.72,scattered clouds
457,Tena,EC,-0.9833,-77.8167,71.04,97,92,0.58,moderate rain
458,Vestmanna,FO,62.1564,-7.1664,29.32,80,100,12.66,overcast clouds
459,Abha,SA,18.2164,42.5053,52.05,71,0,0.0,clear sky
460,Saint-Augustin,CA,51.226,-58.6502,24.57,70,100,19.8,overcast clouds
461,Nouakchott,MR,18.0858,-15.9785,66.13,67,1,15.77,clear sky
462,Aksu,CN,41.1231,80.2644,-0.17,88,5,4.36,clear sky
463,Sisimiut,GL,66.9395,-53.6735,-7.85,87,8,10.31,clear sky
464,Plouzane,FR,48.3833,-4.6167,37.72,90,0,3.44,clear sky
465,Agadez,NE,19.75,10.25,60.87,16,95,7.72,overcast clouds
466,Inowroclaw,PL,52.7989,18.2639,31.55,79,100,4.38,overcast clouds
467,Mirosov,CZ,49.6878,13.6581,30.81,94,100,3.0,overcast clouds
468,Trincomalee,LK,8.5711,81.2335,78.42,61,100,13.87,overcast clouds
469,Den Helder,NL,52.9599,4.7593,33.96,93,20,6.91,few clouds
470,La Sarre,CA,48.8002,-79.1996,13.05,92,100,9.6,overcast clouds
471,Nadrag,RO,45.65,22.1833,40.01,93,100,3.15,overcast clouds
472,Les Cayes,HT,18.2,-73.75,74.05,75,5,2.64,clear sky
473,Nioro,GM,13.35,-15.75,79.03,15,21,8.01,few clouds
474,Ginir,ET,7.1333,40.7,54.68,36,75,5.97,broken clouds
475,Kadoma,JP,34.7333,135.5833,46.38,60,25,5.7,scattered clouds
476,Asyut,EG,27.181,31.1837,55.42,30,0,2.89,clear sky
477,Porto Belo,BR,-27.1578,-48.5531,78.75,88,92,4.16,overcast clouds
478,Gazanjyk,TM,39.2446,55.5154,28.47,64,1,6.64,clear sky
479,Umm Kaddadah,SD,13.6017,26.6876,64.96,18,36,11.18,scattered clouds
480,Beloye,UA,48.4952,39.0505,34.25,85,63,9.46,broken clouds
481,Brasy,CZ,49.837,13.5783,30.69,94,100,5.53,overcast clouds
482,Dakar,SN,14.6937,-17.4441,70.68,74,32,20.92,scattered clouds
483,Emba,KZ,48.8264,58.1442,8.74,77,43,10.16,scattered clouds
484,Yaguachi,EC,-2.1167,-79.6833,82.38,80,95,2.33,overcast clouds
485,Pontes E Lacerda,BR,-15.2261,-59.3353,76.1,75,81,1.36,broken clouds
486,Neyshabur,IR,36.2133,58.7958,32.41,62,13,1.28,few clouds
487,Pocone,BR,-16.2567,-56.6228,79.99,63,61,2.77,broken clouds
488,Celendin,PE,-6.8703,-78.1517,54.12,93,100,1.92,light rain
489,Tarbes,FR,43.25,0.1667,46.87,85,100,23.02,overcast clouds
490,Uyemskiy,RU,64.4743,40.8524,37.45,75,100,11.18,overcast clouds
491,Plover,US,44.4564,-89.544,32.99,82,100,6.91,overcast clouds
492,Mabaruma,GY,8.2,-59.7833,70.56,89,64,3.71,broken clouds
493,Belchatow,PL,51.3688,19.3567,32.99,86,100,5.48,overcast clouds
494,Raga,SS,8.4596,25.678,72.23,27,2,5.01,clear sky
495,Beyneu,KZ,45.3167,55.2,21.69,62,0,7.81,clear sky
496,Matina,CR,10.0761,-83.2895,78.33,80,90,3.96,overcast clouds
497,Verkhnetulomskiy,RU,68.6073,31.7962,28.53,95,100,3.76,overcast clouds
498,Hearst,CA,49.6835,-83.6665,6.08,95,100,8.01,overcast clouds
499,Kashan,IR,33.9831,51.4364,41.22,55,0,1.5,clear sky
500,Necochea,AR,-38.5473,-58.7368,76.03,61,37,20.83,scattered clouds
501,Capitao Poco,BR,-1.7464,-47.0594,71.19,99,100,4.7,light rain
502,Santo Antonio Do Ica,BR,-3.1022,-67.9397,71.29,99,100,2.93,overcast clouds
503,Yenagoa,NG,4.9247,6.2642,79.09,82,98,4.27,overcast clouds
504,Chapais,CA,49.7834,-74.8492,6.48,97,61,7.0,broken clouds
505,Kozelsk,RU,54.0375,35.7716,39.38,88,100,15.37,overcast clouds
506,Tevriz,RU,57.509,72.4042,18.34,96,100,4.56,light snow
507,Malinovoye Ozero,RU,51.6753,79.7825,10.8,95,100,7.02,light snow
508,Alice Town,BS,25.7167,-79.3,75.65,59,3,4.81,clear sky
509,Eyl,SO,7.9803,49.8164,73.36,76,53,19.37,broken clouds
510,Toamasina,MG,-18.1667,49.3833,77.65,91,100,18.95,moderate rain
511,Mehamn,NO,71.0357,27.8492,24.75,80,100,6.91,overcast clouds
512,Aleppo,SY,36.25,37.5,49.69,73,0,5.84,clear sky
513,Portland,US,45.5234,-122.6762,44.58,88,100,1.01,overcast clouds
514,Port-Cartier,CA,50.0334,-66.8654,22.75,84,70,8.52,broken clouds
515,Wad Madani,SD,14.4012,33.5199,75.6,32,0,10.31,clear sky
516,Coruripe,BR,-10.1256,-36.1756,77.34,78,95,7.43,overcast clouds
517,Mezen,RU,65.8522,44.24,33.94,92,100,19.13,overcast clouds
518,Cascais,PT,38.6979,-9.4215,55.94,92,54,17.0,broken clouds
519,Urvan,RU,43.4922,43.7606,28.04,91,7,2.75,clear sky
520,Nurota,UZ,40.5614,65.6886,23.07,77,97,2.37,overcast clouds
521,Acurenam,GQ,1.0322,10.6488,69.42,97,81,5.37,broken clouds
522,Mwinilunga,ZM,-11.7358,24.4293,62.73,97,100,4.59,light rain
523,Sao Felix Do Xingu,BR,-6.6447,-51.995,71.11,98,94,2.73,light rain
524,Ajdabiya,LY,30.7554,20.2263,58.19,50,0,9.84,clear sky
525,Qandala,SO,11.472,49.8728,74.7,63,14,5.66,few clouds
526,Tazmalt,DZ,36.3868,4.3989,39.42,79,25,6.91,scattered clouds
527,Vestmannaeyjar,IS,63.4427,-20.2734,39.24,67,100,29.84,overcast clouds
528,Voronezh,RU,51.6664,39.17,33.82,93,75,17.9,broken clouds
529,Grand Gaube,MU,-20.0064,57.6608,78.39,89,100,5.01,very heavy rain
530,Baloda Bazar,IN,21.6667,82.1667,60.06,57,3,3.58,clear sky
531,Oyon,PE,-10.6681,-76.7731,46.94,90,100,3.47,overcast clouds
532,Ercis,TR,39.0287,43.3586,27.99,67,3,4.34,clear sky
533,Ladario,BR,-19.0047,-57.6017,74.7,88,75,2.28,broken clouds
534,Charlottesville,US,38.0293,-78.4767,66.15,93,100,0.0,mist
535,Pop,UZ,40.8736,71.1089,20.73,64,0,4.16,clear sky
536,Metallostroy,RU,59.8008,30.5478,34.0,87,75,4.47,broken clouds
537,Warri,NG,5.5167,5.75,78.35,82,100,2.75,overcast clouds
538,Medea,DZ,36.2642,2.7539,33.73,71,3,6.67,clear sky
539,Riyadh,SA,24.6877,46.7219,48.34,56,0,5.3,clear sky
540,Odesskoye,RU,54.2111,72.9651,8.53,95,86,7.31,overcast clouds
541,Oistins,BB,13.0667,-59.5333,78.89,69,20,20.71,few clouds
542,Petrovsk,RU,52.3064,45.3917,15.76,89,24,12.1,few clouds
543,Jagdalpur,IN,19.0667,82.0333,55.98,73,37,1.52,scattered clouds
544,Waldoboro,US,44.0954,-69.3756,35.49,73,100,3.91,overcast clouds
545,Kem,RU,64.9555,34.5793,32.72,96,100,17.27,light snow
546,Kimberley,ZA,-28.7323,24.7623,76.03,44,100,1.07,overcast clouds
547,Begun,IN,24.9833,75.0,50.09,43,9,3.33,clear sky
548,Agirish,RU,61.9247,63.0231,7.81,96,99,3.94,overcast clouds
549,Judaberg,NO,59.1659,5.8732,32.18,86,5,6.17,clear sky
550,Santa Fe,AR,-31.6333,-60.7,99.0,36,30,4.0,light rain
551,West Bay,KY,19.3667,-81.4167,81.07,72,20,10.36,few clouds
552,Vikulovo,RU,56.8167,70.6107,10.26,97,93,5.77,overcast clouds
553,Pinhao,BR,-25.6956,-51.6597,63.48,97,100,2.3,overcast clouds
554,Jabinyanah,TN,35.035,10.9081,46.87,55,1,15.52,clear sky
555,Daitari,IN,21.1,85.75,56.44,85,4,1.88,clear sky
556,Coxim,BR,-18.5067,-54.76,80.06,67,51,3.29,broken clouds
557,Qaqortoq,GL,60.7167,-46.0333,25.32,92,100,2.44,overcast clouds
558,Urumqi,CN,43.801,87.6005,-6.65,77,40,2.24,mist
559,Gat,IL,31.61,34.7642,59.4,22,0,5.66,clear sky
560,San Ignacio,BZ,17.1561,-89.0714,82.9,64,6,7.67,clear sky
561,Olhao,PT,37.0286,-7.8411,53.1,81,40,5.75,scattered clouds
562,Babayurt,RU,43.6002,46.7789,38.53,84,6,15.82,clear sky
563,Porto Novo,BJ,6.4965,2.6036,79.23,82,67,6.96,broken clouds
564,Krasnaya Gorbatka,RU,55.8703,41.7641,31.17,89,100,15.9,overcast clouds
565,Ribas Do Rio Pardo,BR,-20.4431,-53.7592,77.52,71,89,1.48,overcast clouds
566,Yefremov,RU,53.1481,38.0992,35.92,84,100,19.19,overcast clouds
567,Goure,NE,13.9835,10.2704,67.35,20,10,8.84,clear sky
568,Guadalajara,MX,20.6667,-103.3333,78.57,21,100,10.36,overcast clouds
569,Kronberg,DE,50.1774,8.5125,31.86,94,0,2.3,fog
570,Shahr-E Kord,IR,32.3256,50.8644,16.29,68,0,1.68,clear sky
571,Ohangaron,UZ,40.9064,69.6383,17.74,70,52,4.12,broken clouds
572,Aripuana,BR,-9.1667,-60.6333,71.6,97,100,2.21,overcast clouds
573,Virginia Beach,US,36.8529,-75.978,69.03,61,0,10.36,clear sky
574,Itacare,BR,-14.2775,-38.9967,76.35,80,51,4.94,broken clouds
575,Nador,MA,35.174,-2.9287,57.45,58,40,18.41,scattered clouds
576,Zyryanskoye,RU,56.8306,86.6258,9.23,95,100,8.48,light snow
577,Jacareacanga,BR,-6.2222,-57.7528,70.45,99,100,0.74,overcast clouds
578,Gallipoli,TR,40.4103,26.6708,62.46,35,64,21.23,broken clouds
579,Chicama,PE,-7.8447,-79.1469,70.34,65,100,6.02,overcast clouds
580,Koplik,AL,42.2136,19.4364,46.36,93,100,3.53,overcast clouds
581,Gamboma,CG,-1.8764,15.8644,75.76,73,56,3.85,broken clouds
582,Sao Gabriel Da Cachoeira,BR,-0.1303,-67.0892,72.99,97,95,0.47,moderate rain
583,Lowestoft,GB,52.4752,1.7516,34.45,90,53,11.03,broken clouds
584,Gulu,UG,2.7746,32.299,72.66,32,59,3.58,broken clouds
585,Kulu,TR,39.0951,33.0799,40.35,68,20,1.68,few clouds
586,Muravlenko,RU,63.7898,74.523,-8.5,99,83,7.94,broken clouds
587,Luau,AO,-10.7073,22.2247,64.6,96,100,3.44,overcast clouds
588,Nottingham,GB,52.9536,-1.1505,38.66,83,0,14.97,clear sky
589,Syracuse,IT,37.0881,15.2792,42.31,55,56,21.54,broken clouds
590,Buenavista,PH,8.9769,125.4089,75.16,92,85,4.85,overcast clouds
591,Dhidhdhoo,MV,6.8833,73.1,79.05,66,4,9.22,clear sky
592,Constitucion,CL,-35.3333,-72.4167,61.72,76,64,6.33,broken clouds
593,Vredendal,ZA,-31.6683,18.5012,62.55,88,0,5.28,clear sky
594,Chancay,PE,-11.5714,-77.2672,71.31,76,96,4.63,overcast clouds
595,Ystad,SE,55.4297,13.8204,36.37,92,100,16.08,overcast clouds
596,Mana,GF,5.6592,-53.7767,74.71,88,59,6.69,broken clouds
597,Port-Gentil,GA,-0.7193,8.7815,76.96,94,20,4.61,few clouds
598,Bom Jesus,BR,-9.0744,-44.3586,71.51,92,100,2.3,overcast clouds
599,Slavonice,CZ,48.9975,15.3515,25.72,88,100,2.77,overcast clouds
600,Dambulla,LK,7.86,80.6517,69.35,72,81,4.97,broken clouds
601,Carauari,BR,-4.8828,-66.8958,72.63,97,64,2.98,broken clouds
602,Inhambane,MZ,-23.865,35.3833,78.62,84,53,9.98,broken clouds
603,Lixourion,GR,38.2019,20.4314,55.27,88,100,21.12,overcast clouds
604,Yarada,IN,17.65,83.2667,70.12,94,20,2.3,mist
605,Oksovskiy,RU,62.6062,39.8984,34.93,82,100,14.72,overcast clouds
606,Strathpeffer,GB,57.588,-4.5382,38.16,96,26,4.88,scattered clouds
607,Rock Sound,BS,24.9,-76.2,75.63,62,88,7.52,overcast clouds
608,Mantua,IT,45.1667,10.7833,38.98,93,100,1.99,overcast clouds
609,Sfantu Gheorghe,RO,45.8667,25.7833,46.27,92,100,1.81,overcast clouds
610,Buzmeyin,TM,38.0507,58.2056,32.02,62,97,1.7,overcast clouds
611,Ambanja,MG,-13.6833,48.45,74.25,94,100,3.74,moderate rain
612,Neya,RU,58.2972,43.8681,30.67,91,100,11.5,overcast clouds
613,Calderitas,MX,18.55,-88.25,82.51,78,40,11.5,scattered clouds
614,Hurghada,EG,27.2574,33.8129,61.59,54,0,6.87,clear sky
615,Zonguldak,TR,41.25,31.8333,44.4,62,100,6.06,overcast clouds
616,Buritizeiro,BR,-17.3511,-44.9622,75.56,76,94,1.74,overcast clouds
617,Ilhabela,BR,-23.7781,-45.3581,76.19,89,75,5.93,broken clouds
618,Moose Factory,CA,51.2585,-80.6094,-7.2,100,77,4.99,broken clouds
619,Khartoum,SD,15.5518,32.5324,75.02,36,0,1.01,clear sky
620,Vallenar,CL,-28.5708,-70.7581,75.54,48,0,6.2,clear sky
621,Uruzgan,AF,32.8333,66.0,31.51,85,99,2.71,overcast clouds
622,Miracema Do Tocantins,BR,-9.5618,-48.3967,71.85,91,57,3.15,broken clouds
623,Jamsa,FI,61.8642,25.19,32.72,88,100,8.01,overcast clouds
624,Banepa,NP,27.6298,85.5214,37.72,93,20,2.3,mist
625,Zahirabad,IN,17.6833,77.6167,62.69,71,10,6.4,clear sky
626,Vitry-Le-Francois,FR,48.7333,4.5833,32.86,95,100,1.34,overcast clouds
627,Hobyo,SO,5.3505,48.5268,76.05,78,46,21.68,scattered clouds
628,Humaita,BR,-7.5061,-63.0208,70.65,98,99,1.88,moderate rain
629,Saldanha,ZA,-33.0117,17.9442,64.24,95,0,8.81,clear sky
630,Kirkwall,GB,58.9848,-2.9587,41.05,81,75,21.85,broken clouds
631,Beamsville,CA,43.1668,-79.4829,41.94,98,95,14.05,overcast clouds
632,Camopi,GF,3.1655,-52.3158,71.55,99,40,2.73,scattered clouds
633,Boueni,YT,-12.9025,45.0761,84.18,78,100,15.52,light rain
634,Tonj,SS,7.2737,28.6822,82.74,26,64,7.47,broken clouds
635,Ayagoz,KZ,47.9714,80.4392,-6.29,97,56,7.2,broken clouds
636,Monrovia,LR,6.3005,-10.7969,76.77,88,33,7.63,scattered clouds
637,Kaya,BF,13.0917,-1.0844,73.02,14,21,8.5,few clouds
638,Leshukonskoye,RU,64.8989,45.7622,32.97,93,100,15.39,overcast clouds
639,Mandera,KE,3.9366,41.867,79.57,28,69,8.37,broken clouds
640,Praia,CV,14.9215,-23.5087,70.34,78,40,18.41,scattered clouds
641,Umm Bab,QA,25.2142,50.8072,60.22,67,0,14.43,clear sky
642,Capreol,CA,46.706,-80.9225,17.55,92,100,16.11,snow
643,Truro,GB,50.2653,-5.0544,42.08,70,75,5.75,broken clouds
644,Sohag,EG,26.557,31.6948,57.13,32,0,5.06,clear sky
645,Dabat,ET,12.9842,37.765,54.0,44,5,2.53,clear sky
646,Qom,IR,34.6401,50.8764,39.78,58,0,4.12,clear sky
647,Caravelas,BR,-17.7125,-39.2481,75.87,85,44,5.23,scattered clouds
648,Talnakh,RU,69.4865,88.3972,-28.75,85,3,6.96,clear sky
649,Salisbury,GB,51.0693,-1.7957,31.86,89,2,8.05,clear sky
650,Pombas,CV,17.1503,-25.0201,69.58,76,11,15.59,few clouds
651,Rio Gallegos,AR,-51.6226,-69.2181,66.09,49,50,13.78,scattered clouds
652,Kasempa,ZM,-13.4584,25.8338,65.52,93,100,5.79,moderate rain
653,Kidal,ML,18.4411,1.4078,69.19,13,1,8.34,clear sky
654,Rabo De Peixe,PT,37.8,-25.5833,53.11,71,75,5.75,broken clouds
655,Willowmore,ZA,-33.2926,23.4895,67.66,74,3,6.67,clear sky
656,Ornskoldsvik,SE,63.2909,18.7153,29.35,100,100,2.3,overcast clouds
657,Lulea,SE,65.5842,22.1547,26.67,93,0,4.61,clear sky
658,Longonjo,AO,-12.9067,15.2533,61.43,95,90,3.51,overcast clouds
659,Hinganghat,IN,20.5667,78.8333,67.23,58,2,4.61,clear sky
660,Pocoes,BR,-14.5297,-40.3653,65.52,98,41,3.89,scattered clouds
661,Hukuntsi,BW,-24.0,21.75,76.96,45,62,8.52,broken clouds
662,Khabary,RU,53.6259,79.5345,8.8,98,98,5.99,overcast clouds
663,Kitgum,UG,3.2783,32.8867,74.86,31,49,3.62,scattered clouds
664,Aswan,EG,24.0934,32.907,62.22,50,0,7.87,clear sky
665,Lere,NG,10.387,8.5726,69.28,28,37,4.09,scattered clouds
666,Erzurum,TR,40.0,41.5,15.48,69,6,2.28,clear sky
667,Hatillo,PR,18.4863,-66.8254,78.12,87,7,5.99,clear sky
668,Morgaushi,RU,55.9643,46.7743,21.36,83,95,15.23,overcast clouds
669,Jutai,BR,-5.1833,-68.9,71.49,99,100,2.13,light rain
670,Soria,ES,41.6667,-2.6667,38.1,100,100,17.98,overcast clouds
671,Ushtobe,KZ,45.2514,77.9838,-0.71,93,5,2.26,clear sky
672,Liverpool,GB,53.4106,-2.9779,43.29,83,75,16.11,broken clouds
673,Dimona,IL,31.0667,35.0333,51.62,38,0,6.42,clear sky
674,Wegorzewo,PL,54.2157,21.7372,30.7,96,100,4.54,overcast clouds
675,Nawa,IN,27.0167,75.0,46.62,48,84,7.38,broken clouds
676,Paramonga,PE,-10.6667,-77.8333,71.65,77,69,7.16,broken clouds
677,Sokoni,TZ,-6.4333,39.55,80.78,79,99,10.85,overcast clouds
678,Brokopondo,SR,4.75,-55.1667,74.5,90,4,8.41,clear sky
679,Bealanana,MG,-14.55,48.7333,65.3,97,100,9.44,moderate rain
680,Obala,CM,4.1667,11.5333,70.41,92,17,3.87,few clouds
681,Sorland,NO,67.667,12.6934,39.06,92,100,19.55,overcast clouds
682,Bayshore Gardens,US,27.4253,-82.5904,74.23,66,20,9.22,few clouds
683,Canakkale,TR,40.0833,26.8333,57.78,73,61,14.12,broken clouds
684,Ahmadpur East,PK,29.1431,71.2598,54.25,58,99,9.28,overcast clouds
